"","word","n"
"1","president",99
"2","trump",83
"3","vote",65
"4","donald",53
"5","day",40
"6","im",33
"7","american",32
"8","election",32
"9","folks",32
"10","people",31
"11","head",30
"12","america",28
"13","care",28
"14","voting",27
"15","health",26
"16","country",25
"17","tune",25
"18","build",24
"19","chip",24
"20","register",24
"21","nation",23
"22","ill",22
"23","plan",22
"24","americans",21
"25","toto",21
"26","covid",19
"27","dont",19
"28","time",19
"29","heard",17
"30","campaign",16
"31","future",16
"32","court",15
"33","economy",15
"34","supreme",14
"35","truth",14
"36","virus",14
"37","administration",13
"38","change",13
"39","final",13
"40","justice",13
"41","live",13
"42","millions",13
"43","protect",13
"44","win",13
"45","world",13
"46","ballot",12
"47","cast",12
"48","join",12
"49","mask",12
"50","night",12
"51","white",12
"52","wont",12
"53","deadline",11
"54","debate",11
"55","deserve",11
"56","hes",11
"57","ive",11
"58","moment",11
"59","pandemic",11
"60","support",11
"61","women",11
"62","fight",10
"63","jill",10
"64","life",10
"65","public",10
"66","registered",10
"67","stage",10
"68","stake",10
"69","trumps",10
"70","climate",9
"71","de",9
"72","grassroots",9
"73","history",9
"74","hope",9
"75","matter",9
"76","obamacare",9
"77","online",9
"78","person",9
"79","power",9
"80","voice",9
"81","watch",9
"82","battle",8
"83","community",8
"84","crisis",8
"85","division",8
"86","families",8
"87","florida",8
"88","lives",8
"89","middle",8
"90","preexisting",8
"91","promise",8
"92","proud",8
"93","soul",8
"94","taxes",8
"95","tonight",8
"96","wait",8
"97","week",8
"98","weve",8
"99","worst",8
"100","youre",8
"101","days",7
"102","deal",7
"103","didnt",7
"104","died",7
"105","doesnt",7
"106","hear",7
"107","hit",7
"108","mail",7
"109","pay",7
"110","pennsylvania",7
"111","plans",7
"112","ready",7
"113","rights",7
"114","running",7
"115","stand",7
"116","toand",7
"117","tour",7
"118","whats",7
"119","access",6
"120","arizona",6
"121","ballots",6
"122","begins",6
"123","bring",6
"124","conditions",6
"125","determine",6
"126","discuss",6
"127","ensure",6
"128","hate",6
"129","heres",6
"130","late",6
"131","law",6
"132","leadership",6
"133","lies",6
"134","masks",6
"135","november",6
"136","paid",6
"137","para",6
"138","protections",6
"139","senate",6
"140","sit",6
"141","stop",6
"142","takes",6
"143","tonights",6
"144","vice",6
"145","violence",6
"146","voices",6
"147","wearing",6
"148","act",5
"149","ahead",5
"150","black",5
"151","call",5
"152","carolina",5
"153","celebrate",5
"154","coming",5
"155","continue",5
"156","control",5
"157","endofquarter",5
"158","entire",5
"159","express",5
"160","family",5
"161","fear",5
"162","fundraising",5
"163","goal",5
"164","hall",5
"165","happy",5
"166","hard",5
"167","house",5
"168","ignore",5
"169","info",5
"170","keeping",5
"171","lot",5
"172","love",5
"173","month",5
"174","months",5
"175","nationalvoterregistrationday",5
"176","nations",5
"177","opportunity",5
"178","overcome",5
"179","political",5
"180","racial",5
"181","remarks",5
"182","safe",5
"183","seek",5
"184","send",5
"185","serve",5
"186","set",5
"187","shot",5
"188","single",5
"189","starts",5
"190","team",5
"191","tomorrow",5
"192","town",5
"193","voted",5
"194","wear",5
"195","weeks",5
"196","action",4
"197","affordable",4
"198","beat",4
"199","biden",4
"200","bidenharris",4
"201","called",4
"202","career",4
"203","celebrating",4
"204","condemn",4
"205","coronavirus",4
"206","countryand",4
"207","crew",4
"208","democrat",4
"209","easy",4
"210","en",4
"211","equal",4
"212","event",4
"213","fair",4
"214","forget",4
"215","free",4
"216","friends",4
"217","giving",4
"218","global",4
"219","guys",4
"220","human",4
"221","isnt",4
"222","jobs",4
"223","las",4
"224","leaders",4
"225","left",4
"226","listen",4
"227","lost",4
"228","makes",4
"229","meet",4
"230","michigan",4
"231","miss",4
"232","national",4
"233","north",4
"234","office",4
"235","ohio",4
"236","outcome",4
"237","overamericans",4
"238","pence",4
"239","prayers",4
"240","recession",4
"241","refused",4
"242","republicans",4
"243","requires",4
"244","save",4
"245","serves",4
"246","share",4
"247","started",4
"248","stay",4
"249","stretch",4
"250","stronger",4
"251","tear",4
"252","theyre",4
"253","throw",4
"254","true",4
"255","unity",4
"256","advance",3
"257","afford",3
"258","answer",3
"259","arkansas",3
"260","atpm",3
"261","bad",3
"262","birthday",3
"263","chance",3
"264","check",3
"265","choice",3
"266","choose",3
"267","civil",3
"268","class",3
"269","contact",3
"270","couldnt",3
"271","counting",3
"272","crises",3
"273","decision",3
"274","decisions",3
"275","deeply",3
"276","deliver",3
"277","democracy",3
"278","dignity",3
"279","dying",3
"280","economic",3
"281","elected",3
"282","eliminate",3
"283","epidemic",3
"284","equally",3
"285","facing",3
"286","failed",3
"287","festival",3
"288","filled",3
"289","finally",3
"290","finish",3
"291","follow",3
"292","food",3
"293","forces",3
"294","friend",3
"295","fundraiser",3
"296","gender",3
"297","hamilton",3
"298","happening",3
"299","hardworking",3
"300","heart",3
"301","imvotingfor",3
"302","inand",3
"303","inherited",3
"304","job",3
"305","la",3
"306","laid",3
"307","lgbtq",3
"308","lose",3
"309","loved",3
"310","manitowoc",3
"311","mike",3
"312","nights",3
"313","option",3
"314","pass",3
"315","path",3
"316","polls",3
"317","presidential",3
"318","race",3
"319","record",3
"320","registration",3
"321","remains",3
"322","reserve",3
"323","respect",3
"324","restore",3
"325","return",3
"326","rip",3
"327","rushing",3
"328","science",3
"329","scranton",3
"330","shes",3
"331","shouldnt",3
"332","social",3
"333","spot",3
"334","stops",3
"335","supporters",3
"336","supremacists",3
"337","tax",3
"338","tested",3
"339","track",3
"340","train",3
"341","unconscionable",3
"342","underway",3
"343","union",3
"344","united",3
"345","venezuelan",3
"346","voter",3
"347","washington",3
"348","wasnt",3
"349","waste",3
"350","wealthy",3
"351","whos",3
"352","wisconsin",3
"353","withand",3
"354","words",3
"355","workers",3
"356","youve",3
"357","aca",2
"358","accepted",2
"359","advice",2
"360","affect",2
"361","ago",2
"362","angels",2
"363","art",2
"364","asand",2
"365","beforepm",2
"366","bigger",2
"367","blue",2
"368","booming",2
"369","box",2
"370","businesses",2
"371","busy",2
"372","calm",2
"373","carry",2
"374","caused",2
"375","chose",2
"376","close",2
"377","closed",2
"378","closing",2
"379","combat",2
"380","commitment",2
"381","common",2
"382","condition",2
"383","confirmation",2
"384","conflict",2
"385","congress",2
"386","continues",2
"387","costs",2
"388","create",2
"389","created",2
"390","critical",2
"391","cuba",2
"392","cut",2
"393","darkness",2
"394","daughter",2
"395","dayand",2
"396","dc",2
"397","deadly",2
"398","decided",2
"399","deep",2
"400","deescalate",2
"401","defeat",2
"402","denied",2
"403","depends",2
"404","destroy",2
"405","disappear",2
"406","distance",2
"407","divided",2
"408","doctors",2
"409","dog",2
"410","dr",2
"411","el",2
"412","emergency",2
"413","encourage",2
"414","engaged",2
"415","equality",2
"416","equity",2
"417","es",2
"418","essential",2
"419","everyday",2
"420","everyonenot",2
"421","expand",2
"422","extend",2
"423","extended",2
"424","extrovert",2
"425","failure",2
"426","faith",2
"427","fall",2
"428","fecha",2
"429","fellow",2
"430","fighting",2
"431","finaldays",2
"432","flames",2
"433","flip",2
"434","forward",2
"435","founding",2
"436","freedom",2
"437","friendship",2
"438","gain",2
"439","george",2
"440","georgia",2
"441","gettysburg",2
"442","ginsburg",2
"443","government",2
"444","governor",2
"445","grand",2
"446","grateful",2
"447","greensburg",2
"448","happen",2
"449","havent",2
"450","hey",2
"451","holding",2
"452","honor",2
"453","hoping",2
"454","hosting",2
"455","hours",2
"456","humanitarian",2
"457","hunger",2
"458","ideals",2
"459","ignoring",2
"460","illinois",2
"461","imagine",2
"462","immediately",2
"463","immense",2
"464","importance",2
"465","increase",2
"466","incredible",2
"467","information",2
"468","ingenuity",2
"469","ini",2
"470","introvert",2
"471","iowa",2
"472","joe",2
"473","john",2
"474","kamala",2
"475","kick",2
"476","kid",2
"477","lady",2
"478","land",2
"479","lands",2
"480","lead",2
"481","lie",2
"482","lied",2
"483","lifetime",2
"484","line",2
"485","los",2
"486","loser",2
"487","maduro",2
"488","mandates",2
"489","march",2
"490","marks",2
"491","mate",2
"492","mental",2
"493","messages",2
"494","military",2
"495","million",2
"496","minnesota",2
"497","minute",2
"498","mistake",2
"499","momentand",2
"500","moments",2
"501","money",2
"502","mother",2
"503","move",2
"504","nationwide",2
"505","native",2
"506","negative",2
"507","news",2
"508","nicaragua",2
"509","nominee",2
"510","obama",2
"511","october",2
"512","officers",2
"513","officially",2
"514","oneterm",2
"515","original",2
"516","overdue",2
"517","overmillion",2
"518","oxygen",2
"519","park",2
"520","party",2
"521","past",2
"522","patriot",2
"523","pattern",2
"524","peace",2
"525","performance",2
"526","poorer",2
"527","positive",2
"528","potential",2
"529","pray",2
"530","premiums",2
"531","presidency",2
"532","protected",2
"533","proven",2
"534","putin",2
"535","raised",2
"536","rally",2
"537","ran",2
"538","rapids",2
"539","rebuild",2
"540","receive",2
"541","recognized",2
"542","recovery",2
"543","red",2
"544","registrarte",2
"545","remember",2
"546","represent",2
"547","requested",2
"548","returns",2
"549","rise",2
"550","risk",2
"551","safety",2
"552","school",2
"553","scientists",2
"554","select",2
"555","shell",2
"556","short",2
"557","shut",2
"558","sicker",2
"559","south",2
"560","speak",2
"561","speaking",2
"562","spent",2
"563","squandered",2
"564","staff",2
"565","starting",2
"566","step",2
"567","strong",2
"568","students",2
"569","superwealthy",2
"570","supremacy",2
"571","swift",2
"572","system",2
"573","test",2
"574","thinking",2
"575","threat",2
"576","thursday",2
"577","timeand",2
"578","todos",2
"579","tofor",2
"580","tracing",2
"581","tragedy",2
"582","transgender",2
"583","treated",2
"584","tweeting",2
"585","tweets",2
"586","unemployment",2
"587","unfit",2
"588","unite",2
"589","vegas",2
"590","violent",2
"591","virginia",2
"592","votar",2
"593","votemail",2
"594","voters",2
"595","wage",2
"596","wake",2
"597","war",2
"598","weaker",2
"599","werent",2
"600","whistles",2
"601","wishes",2
"602","word",2
"603","write",2
"604","youyour",2
"605","aboard",1
"606","aboutand",1
"607","absentee",1
"608","abundantly",1
"609","accelerate",1
"610","accomplish",1
"611","accountable",1
"612","accurate",1
"613","achieve",1
"614","acompao",1
"615","ad",1
"616","address",1
"617","advised",1
"618","afederal",1
"619","affects",1
"620","affirmed",1
"621","afternoon",1
"622","againbut",1
"623","agree",1
"624","aid",1
"625","airplane",1
"626","alive",1
"627","alliance",1
"628","allive",1
"629","alongside",1
"630","aluminum",1
"631","americaand",1
"632","americansnot",1
"633","americas",1
"634","amidst",1
"635","amtrak",1
"636","amy",1
"637","andjill",1
"638","andknow",1
"639","andmillion",1
"640","anotheramericans",1
"641","antes",1
"642","anyones",1
"643","apparently",1
"644","appeal",1
"645","appeals",1
"646","applaud",1
"647","application",1
"648","applied",1
"649","apply",1
"650","areand",1
"651","aredays",1
"652","arent",1
"653","areregardless",1
"654","arewhether",1
"655","arguing",1
"656","argument",1
"657","arizonainperson",1
"658","arizonala",1
"659","arizonayour",1
"660","armenia",1
"661","arms",1
"662","arrived",1
"663","astoundingmillion",1
"664","atevery",1
"665","attack",1
"666","auto",1
"667","automatically",1
"668","ave",1
"669","avenue",1
"670","avenueand",1
"671","average",1
"672","az",1
"673","azerbaijan",1
"674","balance",1
"675","ballotbecause",1
"676","bark",1
"677","barrett",1
"678","base",1
"679","bear",1
"680","beau",1
"681","beforeand",1
"682","beforesteps",1
"683","beg",1
"684","begin",1
"685","beginning",1
"686","beginningand",1
"687","beginnings",1
"688","behalf",1
"689","behavior",1
"690","behindthescenes",1
"691","believes",1
"692","belong",1
"693","benefits",1
"694","bestnot",1
"695","betrayed",1
"696","bidentownhall",1
"697","bigotry",1
"698","billboard",1
"699","billion",1
"700","blessingand",1
"701","bob",1
"702","boldly",1
"703","book",1
"704","books",1
"705","bothered",1
"706","bounties",1
"707","bountiful",1
"708","boys",1
"709","braydenyou",1
"710","break",1
"711","breaks",1
"712","breonna",1
"713","bridges",1
"714","brighter",1
"715","brings",1
"716","broke",1
"717","broken",1
"718","brown",1
"719","building",1
"720","buildtogether",1
"721","built",1
"722","bus",1
"723","business",1
"724","buy",1
"725","bypm",1
"726","bythrough",1
"727","california",1
"728","callour",1
"729","campaigns",1
"730","candidate",1
"731","capacity",1
"732","cared",1
"733","caregivers",1
"734","carehe",1
"735","carenot",1
"736","cares",1
"737","carolinaearly",1
"738","cars",1
"739","cartera",1
"740","castros",1
"741","casualties",1
"742","cavalry",1
"743","celebrations",1
"744","central",1
"745","chairs",1
"746","challenges",1
"747","champion",1
"748","changeor",1
"749","charlotte",1
"750","chart",1
"751","charters",1
"752","cheer",1
"753","children",1
"754","childs",1
"755","china",1
"756","chipped",1
"757","chuseok",1
"758","cindyim",1
"759","cities",1
"760","city",1
"761","cl",1
"762","claim",1
"763","clearerand",1
"764","clearnot",1
"765","clench",1
"766","clerk",1
"767","clerks",1
"768","clock",1
"769","closure",1
"770","coast",1
"771","college",1
"772","communicate",1
"773","communication",1
"774","communitys",1
"775","companies",1
"776","company",1
"777","complacent",1
"778","complain",1
"779","complaint",1
"780","complications",1
"781","comprehensive",1
"782","concern",1
"783","condensed",1
"784","coney",1
"785","congratulations",1
"786","congressman",1
"787","consequences",1
"788","constitution",1
"789","contained",1
"790","contracted",1
"791","contributions",1
"792","convenient",1
"793","convey",1
"794","copays",1
"795","cornerare",1
"796","corporate",1
"797","corporations",1
"798","counties",1
"799","countrybecause",1
"800","countrybut",1
"801","countrycant",1
"802","countryfrom",1
"803","countrys",1
"804","courage",1
"805","courta",1
"806","courts",1
"807","coverage",1
"808","coworker",1
"809","coworkers",1
"810","cracks",1
"811","creates",1
"812","crimes",1
"813","criminal",1
"814","cro",1
"815","crucial",1
"816","cruelty",1
"817","cuts",1
"818","da",1
"819","dad",1
"820","damage",1
"821","danger",1
"822","dark",1
"823","daughters",1
"824","daya",1
"825","dayasked",1
"826","daybut",1
"827","daydays",1
"828","dayits",1
"829","dayknow",1
"830","dayofthegirl",1
"831","daywe",1
"832","deadliest",1
"833","dealt",1
"834","dear",1
"835","death",1
"836","debates",1
"837","decades",1
"838","decency",1
"839","decisin",1
"840","dedicated",1
"841","dedication",1
"842","deductibles",1
"843","defenders",1
"844","defensores",1
"845","delawareanstoday",1
"846","delivering",1
"847","deltas",1
"848","demand",1
"849","demasiado",1
"850","democats",1
"851","democracia",1
"852","democracyand",1
"853","democrats",1
"854","denial",1
"855","denier",1
"856","deportations",1
"857","derechos",1
"858","deserves",1
"859","designated",1
"860","designed",1
"861","destroying",1
"862","detroit",1
"863","devastating",1
"864","development",1
"865","developments",1
"866","devoted",1
"867","dictators",1
"868","diedamericans",1
"869","difference",1
"870","differences",1
"871","dime",1
"872","dining",1
"873","disagreeing",1
"874","disavow",1
"875","discovered",1
"876","discussing",1
"877","disease",1
"878","disgraceful",1
"879","disorder",1
"880","distract",1
"881","diverse",1
"882","dividingyoull",1
"883","divisions",1
"884","dj",1
"885","dollar",1
"886","dollars",1
"887","donate",1
"888","donation",1
"889","donationbig",1
"890","donors",1
"891","doubled",1
"892","doug",1
"893","dreams",1
"894","drivein",1
"895","droves",1
"896","drug",1
"897","due",1
"898","durham",1
"899","duty",1
"900","dutyto",1
"901","earn",1
"902","earning",1
"903","earpiece",1
"904","easier",1
"905","ebola",1
"906","economyand",1
"907","education",1
"908","eithermy",1
"909","eleccin",1
"910","electedand",1
"911","electing",1
"912","electionand",1
"913","electionnot",1
"914","elevate",1
"915","em",1
"916","embrace",1
"917","embraced",1
"918","emerge",1
"919","emergencyand",1
"920","empty",1
"921","encouraging",1
"922","engage",1
"923","engine",1
"924","enhancers",1
"925","ensuring",1
"926","enthusiast",1
"927","entitled",1
"928","equalbut",1
"929","era",1
"930","erie",1
"931","esta",1
"932","estimated",1
"933","european",1
"934","events",1
"935","eviland",1
"936","exception",1
"937","excited",1
"938","excuse",1
"939","existential",1
"940","experienced",1
"941","expertise",1
"942","expertrecommended",1
"943","experts",1
"944","exploit",1
"945","exposed",1
"946","expression",1
"947","extender",1
"948","extendida",1
"949","extroverted",1
"950","eye",1
"951","faced",1
"952","fail",1
"953","fallen",1
"954","familyno",1
"955","familys",1
"956","fan",1
"957","farmers",1
"958","fast",1
"959","fauci",1
"960","faucis",1
"961","favor",1
"962","favorite",1
"963","feast",1
"964","federal",1
"965","festivities",1
"966","fighter",1
"967","filed",1
"968","filipino",1
"969","fill",1
"970","fin",1
"971","finished",1
"972","fire",1
"973","firefighters",1
"974","firsthand",1
"975","fishing",1
"976","fists",1
"977","fit",1
"978","fits",1
"979","fix",1
"980","fled",1
"981","flies",1
"982","flight",1
"983","flint",1
"984","floridaim",1
"985","floridala",1
"986","floridatodays",1
"987","floyds",1
"988","fly",1
"989","focused",1
"990","folksand",1
"991","folksover",1
"992","force",1
"993","forcing",1
"994","forgot",1
"995","forgotten",1
"996","forto",1
"997","forwardits",1
"998","foryears",1
"999","fought",1
"1000","foundry",1
"1001","freewithout",1
"1002","friday",1
"1003","friendtune",1
"1004","friendwas",1
"1005","fromits",1
"1006","frommillion",1
"1007","frontier",1
"1008","frontline",1
"1009","fulfill",1
"1010","fulfilled",1
"1011","fun",1
"1012","funding",1
"1013","furloughs",1
"1014","gap",1
"1015","generated",1
"1016","generation",1
"1017","generational",1
"1018","generosity",1
"1019","ginsburgs",1
"1020","girls",1
"1021","godgiven",1
"1022","gold",1
"1023","golfing",1
"1024","gonna",1
"1025","goodpaying",1
"1026","goodwill",1
"1027","govern",1
"1028","graduate",1
"1029","grandchildren",1
"1030","grandparents",1
"1031","grant",1
"1032","greed",1
"1033","grew",1
"1034","griefanger",1
"1035","grieves",1
"1036","grieving",1
"1037","grim",1
"1038","ground",1
"1039","groupswell",1
"1040","guaid",1
"1041","guided",1
"1042","gulf",1
"1043","gun",1
"1044","gunman",1
"1045","guy",1
"1046","gym",1
"1047","ha",1
"1048","half",1
"1049","handled",1
"1050","hands",1
"1051","hangs",1
"1052","harbor",1
"1053","harvest",1
"1054","hashtagand",1
"1055","hawaii",1
"1056","hbcu",1
"1057","headon",1
"1058","heads",1
"1059","heal",1
"1060","healand",1
"1061","heardeaths",1
"1062","heed",1
"1063","held",1
"1064","helped",1
"1065","heroes",1
"1066","heroism",1
"1067","hindu",1
"1068","hispanic",1
"1069","historyuse",1
"1070","holds",1
"1071","home",1
"1072","homes",1
"1073","honest",1
"1074","honored",1
"1075","horror",1
"1076","howard",1
"1077","hoy",1
"1078","http",1
"1079","humanity",1
"1080","humanos",1
"1081","humbled",1
"1082","hunting",1
"1083","hurricane",1
"1084","hurting",1
"1085","iasen",1
"1086","icon",1
"1087","idaho",1
"1088","identity",1
"1089","immigrants",1
"1090","impact",1
"1091","implement",1
"1092","importante",1
"1093","importantly",1
"1094","improving",1
"1095","impulses",1
"1096","includes",1
"1097","including",1
"1098","inclusive",1
"1099","income",1
"1100","incredibly",1
"1101","independently",1
"1102","independents",1
"1103","independentswere",1
"1104","indian",1
"1105","indiana",1
"1106","indigenous",1
"1107","individualfeet",1
"1108","industry",1
"1109","infects",1
"1110","inperson",1
"1111","inscrbete",1
"1112","inscribirse",1
"1113","insecurity",1
"1114","insmall",1
"1115","inspire",1
"1116","intelligence",1
"1117","intolerance",1
"1118","introverted",1
"1119","investigated",1
"1120","involved",1
"1121","irreplaceable",1
"1122","isa",1
"1123","island",1
"1124","issue",1
"1125","issued",1
"1126","issues",1
"1127","itbecause",1
"1128","itsorevery",1
"1129","jam",1
"1130","january",1
"1131","jennifer",1
"1132","jersey",1
"1133","jilli",1
"1134","jilly",1
"1135","jobsjobs",1
"1136","johnand",1
"1137","johnstown",1
"1138","joinandas",1
"1139","joins",1
"1140","josephine",1
"1141","journey",1
"1142","joy",1
"1143","juan",1
"1144","judge",1
"1145","juevesde",1
"1146","jurist",1
"1147","justfor",1
"1148","kansas",1
"1149","kansasyou",1
"1150","kentucky",1
"1151","kentuckyinperson",1
"1152","kids",1
"1153","kippur",1
"1154","knowis",1
"1155","knowwill",1
"1156","koreanamerican",1
"1157","lack",1
"1158","ladyelect",1
"1159","laserfocused",1
"1160","laspm",1
"1161","latino",1
"1162","laughter",1
"1163","layoffs",1
"1164","leader",1
"1165","leading",1
"1166","learn",1
"1167","learned",1
"1168","legislation",1
"1169","lesson",1
"1170","letrepeat",1
"1171","lgbtfree",1
"1172","liberacin",1
"1173","liberate",1
"1174","license",1
"1175","lifeand",1
"1176","lifetimeone",1
"1177","light",1
"1178","likeand",1
"1179","linea",1
"1180","lines",1
"1181","list",1
"1182","listening",1
"1183","literally",1
"1184","livesand",1
"1185","lmite",1
"1186","local",1
"1187","locations",1
"1188","lock",1
"1189","longterm",1
"1190","losing",1
"1191","louisiana",1
"1192","louisianaearly",1
"1193","louisville",1
"1194","lovethe",1
"1195","lower",1
"1196","lowering",1
"1197","lung",1
"1198","main",1
"1199","maine",1
"1200","malarkey",1
"1201","manageras",1
"1202","manufacturing",1
"1203","manyfor",1
"1204","marksdays",1
"1205","marshal",1
"1206","maryland",1
"1207","mass",1
"1208","match",1
"1209","matters",1
"1210","maturity",1
"1211","mccain",1
"1212","meaningful",1
"1213","means",1
"1214","meantime",1
"1215","medal",1
"1216","meeting",1
"1217","melania",1
"1218","membera",1
"1219","memorable",1
"1220","memory",1
"1221","mercedes",1
"1222","mercy",1
"1223","message",1
"1224","met",1
"1225","mexico",1
"1226","mi",1
"1227","miami",1
"1228","michiganyou",1
"1229","midautumn",1
"1230","milestone",1
"1231","minimum",1
"1232","minutes",1
"1233","miraculously",1
"1234","miramar",1
"1235","missing",1
"1236","mission",1
"1237","mississippi",1
"1238","missouritoday",1
"1239","modern",1
"1240","mom",1
"1241","momentits",1
"1242","momentum",1
"1243","montana",1
"1244","monththank",1
"1245","morning",1
"1246","morningdays",1
"1247","mothers",1
"1248","motherwho",1
"1249","motto",1
"1250","mounting",1
"1251","mouth",1
"1252","movement",1
"1253","moving",1
"1254","murdered",1
"1255","mystery",1
"1256","nagornokarabakh",1
"1257","nail",1
"1258","names",1
"1259","nationalcomingoutday",1
"1260","nationaldessertday",1
"1261","nationand",1
"1262","nature",1
"1263","navratri",1
"1264","nbc",1
"1265","ncmissed",1
"1266","nearlyamericans",1
"1267","nearlylives",1
"1268","nearlymillion",1
"1269","nebraska",1
"1270","nebraskatoday",1
"1271","neighbor",1
"1272","neighbors",1
"1273","nevada",1
"1274","nevadaearly",1
"1275","nevadatoday",1
"1276","nevercan",1
"1277","nextdays",1
"1278","nightchose",1
"1279","nightshowed",1
"1280","nobodies",1
"1281","nominated",1
"1282","nomination",1
"1283","nonconforming",1
"1284","nonstaff",1
"1285","noon",1
"1286","note",1
"1287","notes",1
"1288","novemberto",1
"1289","nowand",1
"1290","nowbut",1
"1291","nuestra",1
"1292","numb",1
"1293","nurses",1
"1294","obamabiden",1
"1295","obamacarewe",1
"1296","objectives",1
"1297","obnoxious",1
"1298","observe",1
"1299","oc",1
"1300","octobervoter",1
"1301","octubre",1
"1302","officeto",1
"1303","officials",1
"1304","ofover",1
"1305","oklahoma",1
"1306","ongoing",1
"1307","onlydays",1
"1308","opportunities",1
"1309","oppressive",1
"1310","oregon",1
"1311","orientation",1
"1312","otherslike",1
"1313","otherthen",1
"1314","outbut",1
"1315","oval",1
"1316","overlives",1
"1317","pa",1
"1318","package",1
"1319","paidin",1
"1320","pain",1
"1321","palin",1
"1322","pandemicamerican",1
"1323","pandemicand",1
"1324","pandemicnow",1
"1325","parents",1
"1326","parity",1
"1327","participar",1
"1328","parties",1
"1329","partisan",1
"1330","partisanship",1
"1331","passing",1
"1332","passionately",1
"1333","patriotic",1
"1334","patternand",1
"1335","paycheck",1
"1336","paying",1
"1337","peaceful",1
"1338","pembroke",1
"1339","pendley",1
"1340","penny",1
"1341","peopleand",1
"1342","peopleparticularly",1
"1343","perfected",1
"1344","permanent",1
"1345","perpetrated",1
"1346","perry",1
"1347","persecution",1
"1348","personal",1
"1349","personality",1
"1350","philadelphia",1
"1351","phoenix",1
"1352","pick",1
"1353","pines",1
"1354","pitch",1
"1355","pittsburgh",1
"1356","placing",1
"1357","planand",1
"1358","plane",1
"1359","planet",1
"1360","pledge",1
"1361","plenty",1
"1362","pm",1
"1363","pointand",1
"1364","police",1
"1365","polish",1
"1366","polishamericans",1
"1367","politics",1
"1368","polticos",1
"1369","por",1
"1370","posed",1
"1371","position",1
"1372","possibilities",1
"1373","post",1
"1374","postmarked",1
"1375","potentialand",1
"1376","powerful",1
"1377","practice",1
"1378","practices",1
"1379","precautions",1
"1380","precisely",1
"1381","predebate",1
"1382","prefers",1
"1383","prepare",1
"1384","prescription",1
"1385","presidentand",1
"1386","presidents",1
"1387","presos",1
"1388","pretend",1
"1389","pretty",1
"1390","prevail",1
"1391","prevailed",1
"1392","preventfrom",1
"1393","prisoners",1
"1394","privilege",1
"1395","privileged",1
"1396","profit",1
"1397","profound",1
"1398","program",1
"1399","promising",1
"1400","prosperity",1
"1401","prosperityand",1
"1402","prosperous",1
"1403","protesters",1
"1404","prouder",1
"1405","proves",1
"1406","providing",1
"1407","pulaski",1
"1408","pull",1
"1409","pulling",1
"1410","punish",1
"1411","putins",1
"1412","putting",1
"1413","quarantine",1
"1414","question",1
"1415","quiz",1
"1416","racebaiting",1
"1417","racism",1
"1418","racist",1
"1419","rapidly",1
"1420","read",1
"1421","reaffirm",1
"1422","reassert",1
"1423","reauthorize",1
"1424","receiving",1
"1425","reckless",1
"1426","recognize",1
"1427","recommit",1
"1428","reelection",1
"1429","refuge",1
"1430","refuse",1
"1431","regard",1
"1432","regime",1
"1433","registrado",1
"1434","regular",1
"1435","reinforced",1
"1436","releasedyears",1
"1437","reliable",1
"1438","relief",1
"1439","remain",1
"1440","reminded",1
"1441","reminder",1
"1442","removal",1
"1443","repeal",1
"1444","repeat",1
"1445","replacement",1
"1446","report",1
"1447","reporting",1
"1448","reprehensible",1
"1449","republicanill",1
"1450","request",1
"1451","reservation",1
"1452","resilient",1
"1453","respects",1
"1454","response",1
"1455","responsibility",1
"1456","responsible",1
"1457","result",1
"1458","results",1
"1459","retire",1
"1460","reunite",1
"1461","revitalize",1
"1462","rezo",1
"1463","rhode",1
"1464","rightnot",1
"1465","rightsand",1
"1466","ripped",1
"1467","roe",1
"1468","roughlytoamericans",1
"1469","routeharvest",1
"1470","routine",1
"1471","rsvp",1
"1472","rule",1
"1473","run",1
"1474","ryans",1
"1475","sacrifices",1
"1476","saddle",1
"1477","safely",1
"1478","samanthaher",1
"1479","satisfied",1
"1480","savannas",1
"1481","saved",1
"1482","saving",1
"1483","sc",1
"1484","scapegoating",1
"1485","scarring",1
"1486","sceni",1
"1487","sciencebacked",1
"1488","sealed",1
"1489","seat",1
"1490","secure",1
"1491","security",1
"1492","seeks",1
"1493","serving",1
"1494","sexual",1
"1495","shamarand",1
"1496","shape",1
"1497","sharing",1
"1498","shooting",1
"1499","shrugged",1
"1500","shyamala",1
"1501","si",1
"1502","sick",1
"1503","sidelines",1
"1504","sido",1
"1505","significant",1
"1506","simple",1
"1507","simply",1
"1508","sister",1
"1509","situation",1
"1510","smallgoes",1
"1511","smart",1
"1512","solidaridad",1
"1513","solidarity",1
"1514","son",1
"1515","sons",1
"1516","soothing",1
"1517","souland",1
"1518","speaks",1
"1519","spend",1
"1520","spirit",1
"1521","spiritdayand",1
"1522","spun",1
"1523","squared",1
"1524","stagebut",1
"1525","staggering",1
"1526","stakes",1
"1527","standing",1
"1528","star",1
"1529","start",1
"1530","statehead",1
"1531","statewide",1
"1532","status",1
"1533","steal",1
"1534","stealth",1
"1535","stepped",1
"1536","stepping",1
"1537","steps",1
"1538","stigma",1
"1539","stoked",1
"1540","stokes",1
"1541","stood",1
"1542","stories",1
"1543","str",1
"1544","straight",1
"1545","stray",1
"1546","street",1
"1547","strengthen",1
"1548","stress",1
"1549","strip",1
"1550","strongest",1
"1551","struck",1
"1552","struggling",1
"1553","suburb",1
"1554","successful",1
"1555","successfully",1
"1556","suffering",1
"1557","supremacistsand",1
"1558","survivors",1
"1559","swats",1
"1560","swiftfull",1
"1561","swore",1
"1562","systemic",1
"1563","tables",1
"1564","tackle",1
"1565","tackling",1
"1566","talking",1
"1567","talks",1
"1568","taught",1
"1569","taylors",1
"1570","taylorthanks",1
"1571","te",1
"1572","teacher",1
"1573","teachers",1
"1574","telling",1
"1575","tells",1
"1576","temporary",1
"1577","tendency",1
"1578","tennessee",1
"1579","tennesseeearly",1
"1580","tensions",1
"1581","testing",1
"1582","texas",1
"1583","texasearly",1
"1584","thana",1
"1585","thanamericans",1
"1586","thanfeet",1
"1587","thanin",1
"1588","thanmillion",1
"1589","thanseconds",1
"1590","thatand",1
"1591","theamericans",1
"1592","thepeople",1
"1593","thereofa",1
"1594","theyve",1
"1595","thousand",1
"1596","threatened",1
"1597","threatens",1
"1598","threats",1
"1599","threshold",1
"1600","times",1
"1601","tireless",1
"1602","tirelessly",1
"1603","tobeforepm",1
"1604","todays",1
"1605","toetotoe",1
"1606","togethernot",1
"1607","told",1
"1608","toll",1
"1609","tonightandare",1
"1610","tonow",1
"1611","tool",1
"1612","tooth",1
"1613","top",1
"1614","topennsylvania",1
"1615","tough",1
"1616","trail",1
"1617","trailand",1
"1618","transition",1
"1619","transparency",1
"1620","transparent",1
"1621","transphobia",1
"1622","travel",1
"1623","treat",1
"1624","treatments",1
"1625","trimicka",1
"1626","trip",1
"1627","triumph",1
"1628","troops",1
"1629","trumpdemocrats",1
"1630","truthand",1
"1631","tun",1
"1632","tunes",1
"1633","turkeystay",1
"1634","twitter",1
"1635","una",1
"1636","unacceptable",1
"1637","unburdened",1
"1638","understand",1
"1639","understands",1
"1640","underyou",1
"1641","unemploym",1
"1642","unequivocal",1
"1643","uni",1
"1644","unify",1
"1645","unions",1
"1646","university",1
"1647","unlimited",1
"1648","unprecedented",1
"1649","unrelenting",1
"1650","update",1
"1651","uphold",1
"1652","urgency",1
"1653","usher",1
"1654","usnot",1
"1655","vaccines",1
"1656","vain",1
"1657","values",1
"1658","vawa",1
"1659","venezuela",1
"1660","venezuelaand",1
"1661","venezuelans",1
"1662","versus",1
"1663","veterans",1
"1664","vibrant",1
"1665","victoria",1
"1666","victory",1
"1667","view",1
"1668","virgen",1
"1669","virginiayour",1
"1670","virtual",1
"1671","virusand",1
"1672","virusnot",1
"1673","vision",1
"1674","visitaantes",1
"1675","visitapara",1
"1676","vladimir",1
"1677","voiceand",1
"1678","volunteer",1
"1679","wade",1
"1680","walls",1
"1681","wantsbut",1
"1682","warm",1
"1683","warmest",1
"1684","wasand",1
"1685","wasbut",1
"1686","wash",1
"1687","wasteand",1
"1688","watched",1
"1689","watching",1
"1690","wealth",1
"1691","weapon",1
"1692","wears",1
"1693","wednesday",1
"1694","weekends",1
"1695","wellconnected",1
"1696","werewell",1
"1697","west",1
"1698","wfp",1
"1699","whitmer",1
"1700","whyand",1
"1701","william",1
"1702","wilmington",1
"1703","wipe",1
"1704","wisconsintoday",1
"1705","wishing",1
"1706","withdays",1
"1707","withto",1
"1708","witnessed",1
"1709","womenis",1
"1710","womens",1
"1711","woodward",1
"1712","workand",1
"1713","workplaces",1
"1714","worldand",1
"1715","worldmentalhealthday",1
"1716","worldteachersday",1
"1717","worried",1
"1718","worse",1
"1719","wouldnt",1
"1720","wrap",1
"1721","wrapped",1
"1722","writing",1
"1723","written",1
"1724","wrong",1
"1725","yearsand",1
"1726","yearsim",1
"1727","yesterday",1
"1728","yom",1
"1729","york",1
"1730","youand",1
"1731","youd",1
"1732","youfor",1
"1733","youll",1
"1734","zones",1
